regime,persistence_probability,expected_duration_months
0,0.9430773347024892,17.567694604133898
1,0.9825289459084634,57.23753099044117
