from_regime,to_regime,transition_probability
0,0,0.9430773347024892
0,1,0.056922665297510756
1,0,0.017471054091536566
1,1,0.9825289459084634
