component,variance_explained_pct,cumulative_pct
PC1,46.080535957626395,46.080535957626395
PC2,20.74536303940521,66.8258989970316
PC3,12.64739310707444,79.47329210410605
