Model,Mean_CRPS,Mean_LogScore,Coverage_90,Coverage_95,PIT_Chi2_pvalue
ARIMA,880.1567855681628,10.248740068514895,0.2962962962962963,0.3333333333333333,0.0
BVAR,959.8291054908109,10.462528253943614,0.2962962962962963,0.37037037037037035,0.0
MS-VAR,191.16593714944,7.374133069624112,1.0,1.0,0.00011510323197139183
MS-VECM,194.04351310080867,7.383078532804656,0.9629629629629629,1.0,0.004730571837648023
Naive,945.020378568823,10.377929218444752,0.2962962962962963,0.37037037037037035,0.0
VECM,1168.1354838536727,12.905066956064793,0.2222222222222222,0.2222222222222222,0.0
XGBoost,685.9830071432467,7022.465428352288,0.037037037037037035,0.1111111111111111,0.0
