,ARIMA,BVAR,DMA,DMS,MS-VAR,MS-VECM,Naive,VECM,XGBoost
ARIMA,,0.006020554151576318,1.30910016715724e-06,1.370785330578883e-06,1.2487752525380813e-06,1.3098749289675027e-06,0.010490145693117459,2.6574657738809293e-05,0.0017201530307899837
BVAR,0.006020554151576318,,2.752408445161336e-06,2.855461720407959e-06,2.651905379291719e-06,2.760379363531129e-06,0.04625195310273056,8.356240677187543e-08,0.00015697115626345237
DMA,1.30910016715724e-06,2.752408445161336e-06,,0.14432273120922767,0.39045160086445163,0.5661432539986793,2.797978066126916e-06,8.698094764447717e-07,0.00043334712073561654
DMS,1.370785330578883e-06,2.855461720407959e-06,0.14432273120922767,,0.2814524643398737,0.31426842710807756,2.9031525763389965e-06,8.974405028006061e-07,0.00047289119011550973
MS-VAR,1.2487752525380813e-06,2.651905379291719e-06,0.39045160086445163,0.2814524643398737,,0.4313887779829444,2.6927493683714943e-06,8.449942425770018e-07,0.00037575447669424555
MS-VECM,1.3098749289675027e-06,2.760379363531129e-06,0.5661432539986793,0.31426842710807756,0.4313887779829444,,2.806041719649599e-06,8.715500485756422e-07,0.00045570635122316183
Naive,0.010490145693117459,0.04625195310273056,2.797978066126916e-06,2.9031525763389965e-06,2.6927493683714943e-06,2.806041719649599e-06,,4.173622554226597e-07,0.00026478877993740824
VECM,2.6574657738809293e-05,8.356240677187543e-08,8.698094764447717e-07,8.974405028006061e-07,8.449942425770018e-07,8.715500485756422e-07,4.173622554226597e-07,,5.710965045091498e-06
XGBoost,0.0017201530307899837,0.00015697115626345237,0.00043334712073561654,0.00047289119011550973,0.00037575447669424555,0.00045570635122316183,0.00026478877993740824,5.710965045091498e-06,
