,ARIMA,BVAR,DMA,DMS,MS-VAR,MS-VECM,Naive,VECM,XGBoost
ARIMA,,-2.99064673900062,6.246066136005017,6.228051711438071,6.264536931180041,6.24583457469437,-2.758423999543568,-5.089005953472392,3.4944817798622827
BVAR,2.99064673900062,,5.9567816791177925,5.94254977571241,5.971191185365656,5.955661768163665,2.0930100453243026,-7.349329384373983,4.4160324024024735
DMA,-6.246066136005017,-5.9567816791177925,,-1.5052110056721095,0.8733796680407755,-0.581150715562347,-5.950422959139869,-6.4065830449437176,-4.029080241919922
DMS,-6.228051711438071,-5.94254977571241,1.5052110056721095,,1.0999077469634049,1.0261613481408864,-5.9361387584413405,-6.394267371233693,-3.995606830195201
MS-VAR,-6.264536931180041,-5.971191185365656,-0.8733796680407755,-1.0999077469634049,,-0.7992467144876841,-5.9652695761429175,-6.417987419334808,-4.083659932345707
MS-VECM,-6.24583457469437,-5.955661768163665,0.581150715562347,-1.0261613481408864,0.7992467144876841,,-5.949308701577665,-6.405795580331124,-4.009800727446544
Naive,2.758423999543568,-2.0930100453243026,5.950422959139869,5.9361387584413405,5.9652695761429175,5.949308701577665,,-6.697650170323099,4.217241848998707
VECM,5.089005953472392,7.349329384373983,6.4065830449437176,6.394267371233693,6.417987419334808,6.405795580331124,6.697650170323099,,5.675367456496029
XGBoost,-3.4944817798622827,-4.4160324024024735,4.029080241919922,3.995606830195201,4.083659932345707,4.009800727446544,-4.217241848998707,-5.675367456496029,
