Model,RMSE,MAE,MSE,In_MCS,MCS_Rank,Elim_p_value,Rank
MS-VAR,315.24487674590387,218.28169305684952,99379.33231454011,True,,,1
DMA,321.6910294462016,222.5000354366996,103485.11842615694,True,,,2
MS-VECM,323.40454920365477,226.0533937185298,104590.50244561917,True,,,3
DMS,325.9600730190161,228.04450298707306,106249.9692025623,True,,,4
XGBoost,886.1322330488664,690.4889368127893,785230.3344481704,False,5.0,0.009,5
ARIMA,1249.8610855014506,1105.2029582356054,1562152.7330508644,False,4.0,0.0,6
Naive,1350.8071814239772,1180.5794522485394,1824680.0413865899,False,3.0,0.0,7
BVAR,1365.2692373092534,1200.016360259383,1863960.0903429906,False,2.0,0.0,8
VECM,1556.3436578458402,1393.163120527872,2422205.58131697,False,1.0,0.0,9
