{
  "weights": {
    "ARIMA": 0.1111111111111111,
    "BVAR": 0.1111111111111111,
    "DMA": 0.1111111111111111,
    "DMS": 0.1111111111111111,
    "MS-VAR": 0.1111111111111111,
    "MS-VECM": 0.1111111111111111,
    "Naive": 0.1111111111111111,
    "VECM": 0.1111111111111111,
    "XGBoost": 0.1111111111111111
  },
  "mse": 586359.3285469088,
  "r_squared": 0.6875407203730048,
  "n_obs": 27,
  "constrained": true
}