model,parsimonious,bop
MS-VAR,324.9072841871065,319.4194547170727
XGBoost,702.4852847976939,870.785128037951
