model,parsimonious,bop
MS-VAR,330.16880206900476,315.24487674590387
XGBoost,714.9332027388634,886.1322330488664
