Model,Mean_CRPS,Mean_LogScore,Coverage_90,Coverage_95,PIT_Chi2_pvalue
ARIMA,734.1574122168533,10.123757812328735,0.4722222222222222,0.5,0.0
BVAR,788.7392576409691,10.196938317749611,0.4722222222222222,0.4722222222222222,0.0
MS-VAR,186.63875759645907,7.325030399410827,0.9722222222222222,1.0,0.014215584812535598
MS-VECM,206.93403577773265,7.386259267476662,0.9722222222222222,1.0,0.004301310843500827
Naive,761.4845472639556,9.881838123669574,0.4722222222222222,0.5277777777777778,4.440892098500626e-16
VECM,782.3888677614138,10.295799669976427,0.4444444444444444,0.5277777777777778,0.0
XGBoost,466.4312171791305,928.9466861074696,0.05555555555555555,0.05555555555555555,0.0
