,ARIMA,BVAR,MS-VAR,MS-VECM,Naive,VECM,XGBoost
ARIMA,,0.775673289688098,0.0006358918664373103,0.0008307568812511157,0.9498272621087462,0.8560124890632177,0.005161525872908079
BVAR,0.775673289688098,,7.994531661337234e-06,1.0943237676031004e-05,0.0013443250629454617,0.23004754369642044,8.46478894873659e-05
MS-VAR,0.0006358918664373103,7.994531661337234e-06,,0.020086592241282508,8.362284866558767e-06,1.041850604432959e-05,0.0011666017375688842
MS-VECM,0.0008307568812511157,1.0943237676031004e-05,0.020086592241282508,,1.1523848186811847e-05,1.4586274867278703e-05,0.0033249009951212827
Naive,0.9498272621087462,0.0013443250629454617,8.362284866558767e-06,1.1523848186811847e-05,,0.38469799033879415,0.00012919970528302294
VECM,0.8560124890632177,0.23004754369642044,1.041850604432959e-05,1.4586274867278703e-05,0.38469799033879415,,8.586769167040487e-05
XGBoost,0.005161525872908079,8.46478894873659e-05,0.0011666017375688842,0.0033249009951212827,0.00012919970528302294,8.586769167040487e-05,
