,ARIMA,BVAR,MS-VAR,MS-VECM,Naive,VECM,XGBoost
ARIMA,,-0.2871729440450109,3.7518224802214344,3.657239777031942,-0.06337651658511306,-0.18279645626612037,2.98381207464282
BVAR,0.2871729440450109,,5.2301385174401,5.126503194169412,3.4847766238485223,1.2215356648199955,4.445040843283191
MS-VAR,-3.7518224802214344,-5.2301385174401,,-2.435887284495643,-5.215302021270506,-5.142733091533085,-3.5358944352005377
MS-VECM,-3.657239777031942,-5.126503194169412,2.435887284495643,,-5.109423663227319,-5.0315030713304685,-3.1511634115027194
Naive,0.06337651658511306,-3.4847766238485223,5.215302021270506,5.109423663227319,,-0.880306765633156,4.302044108292388
VECM,0.18279645626612037,-1.2215356648199955,5.142733091533085,5.0315030713304685,0.880306765633156,,4.440218318190732
XGBoost,-2.98381207464282,-4.445040843283191,3.5358944352005377,3.1511634115027194,-4.302044108292388,-4.440218318190732,
