Model,RMSE,MAE,MSE,In_MCS,MCS_Rank,Elim_p_value,Rank
MS-VAR,311.7527123873274,230.34319753015643,97189.75368085568,True,,,1
MS-VECM,357.68705043470067,274.124785963903,127940.02604867608,False,6.0,0.017,2
XGBoost,640.5828291390734,475.7449645996094,410346.3609878193,False,5.0,0.008,3
ARIMA,1170.390372884875,896.2363082988318,1369813.6249415965,False,4.0,0.0,4
Naive,1178.9472483420434,935.851255853071,1389916.6143732758,False,3.0,0.0,5
VECM,1194.5289114704551,956.8061834190105,1426899.3203387903,False,2.0,0.001,6
BVAR,1209.0448135381062,959.6627573585653,1461789.361143394,False,1.0,0.0,7
