{
  "weights": {
    "ARIMA": 0.14285714285714285,
    "BVAR": 0.14285714285714285,
    "MS-VAR": 0.14285714285714285,
    "MS-VECM": 0.14285714285714285,
    "Naive": 0.14285714285714285,
    "VECM": 0.14285714285714285,
    "XGBoost": 0.14285714285714285
  },
  "mse": 629291.8930865922,
  "r_squared": 0.6707144870553061,
  "n_obs": 36,
  "constrained": true
}