Model,Horizon,RMSE
ARIMA,1,1170.390372884875
BVAR,1,1209.0448135381062
MS-VAR,1,311.7527123873274
MS-VECM,1,357.68705043470067
Naive,1,1178.9472483420434
VECM,1,1194.5289114704551
XGBoost,1,640.5828291390734
